ID|IBGE_7|IBGE_6|Municipio_real|UF|Latitude|Longitude|Municipio_ficticio
1|3500105|350010|ADAMANTINA|SP|-21.685|-51.073|ABECASIS
2|3500204|350020|ADOLFO|SP|-21.235|-49.644|ABECASSIS
3|3500303|350030|AGUAI|SP|-22.059|-46.979|ABIJAODI
4|3500402|350040|AGUAS DA PRATA|SP|-21.937|-46.717|ACAKURA
5|3500501|350050|AGUAS DE LINDOIA|SP|-22.476|-46.633|AFANASIEV
6|3500550|350055|AGUAS DE SANTA BARBARA|SP|-22.881|-49.239|ALAMPE
7|3500600|350060|AGUAS DE SAO PEDRO|SP|-22.599|-47.876|ALIONIS
8|3500709|350070|AGUDOS|SP|-22.469|-48.988|ALLAVA
9|3500758|350075|ALAMBARI|SP|-23.551|-47.899|ALLO
10|3500808|350080|ALFREDO MARCONDES|SP|-21.955|-51.413|ALLORA
11|3500907|350090|ALTAIR|SP|-20.524|-49.059|ALMANZA
12|3501004|350100|ALTINOPOLIS|SP|-21.026|-47.374|ALTAREJO
13|3501103|350110|ALTO ALEGRE|SP|-21.581|-50.164|ALVERNE
14|3501152|350115|ALUMINIO|SP|-23.535|-47.262|ALZAGA
15|3501202|350120|ALVARES FLORENCE|SP|-20.321|-49.911|AMANTE
16|3501301|350130|ALVARES MACHADO|SP|-22.079|-51.472|ANDREAZE
17|3501400|350140|ALVARO DE CARVALHO|SP|-22.089|-49.719|ANGHIEVISCH
18|3501509|350150|ALVINLANDIA|SP|-22.444|-49.763|ANGORA
19|3501608|350160|AMERICANA|SP|-22.739|-47.331|ANIDIO
20|3501707|350170|AMERICO BRASILIENSE|SP|-21.724|-48.102|ANNECHINI
21|3501806|350180|AMERICO DE CAMPOS|SP|-20.299|-49.732|ANNUNCIACAO
22|3501905|350190|AMPARO|SP|-22.701|-46.764|ANTABI
23|3502002|350200|ANALANDIA|SP|-22.126|-47.663|ANTONICELLI
24|3502101|350210|ANDRADINA|SP|-20.896|-51.379|ANZILAGO
25|3502200|350220|ANGATUBA|SP|-23.49|-48.413|AOTO
26|3502309|350230|ANHEMBI|SP|-22.789|-48.127|APANAVICIUS
27|3502408|350240|ANHUMAS|SP|-22.295|-51.387|APOLINARIO
28|3502507|350250|APARECIDA|SP|-22.847|-45.23|ARATANI
29|3502606|350260|APARECIDA D'OESTE|SP|-20.449|-50.88|ARCO IRIS
30|3502705|350270|APIAI|SP|-24.509|-48.843|ARENAS
31|3502754|350275|ARACARIGUAMA|SP|-23.439|-47.061|ARIZIO
32|3502804|350280|ARACATUBA|SP|-21.209|-50.433|ARNEIRO
33|3502903|350290|ARACOIABA DA SERRA|SP|-23.505|-47.614|ARNOLD
34|3503000|350300|ARAMINA|SP|-20.09|-47.786|ARTUS
35|3503109|350310|ARANDU|SP|-23.134|-49.054|ASCAR
36|3503158|350315|ARAPEI|SP|-22.674|-44.448|ASSUB
37|3503208|350320|ARARAQUARA|SP|-21.794|-48.176|ATTILI
38|3503307|350330|ARARAS|SP|-22.357|-47.384|AURELIO
39|3503356|350335|ARCO-IRIS|SP|-21.773|-50.465|AVALLONE
40|3503406|350340|AREALVA|SP|-22.029|-48.911|BAITALA
41|3503505|350350|AREIAS|SP|-22.58|-44.697|BALDINETTI
42|3503604|350360|AREIOPOLIS|SP|-22.668|-48.665|BALDUINO
43|3503703|350370|ARIRANHA|SP|-21.188|-48.787|BALLE
44|3503802|350380|ARTUR NOGUEIRA|SP|-22.573|-47.173|BALOGH
45|3503901|350390|ARUJA|SP|-23.396|-46.321|BANDIERA
46|3503950|350395|ASPASIA|SP|-20.159|-50.733|BANDINELLI
47|3504008|350400|ASSIS|SP|-22.662|-50.412|BARMPAS
48|3504107|350410|ATIBAIA|SP|-23.117|-46.55|BAROLO
49|3504206|350420|AURIFLAMA|SP|-20.686|-50.555|BAROUCH
50|3504305|350430|AVAI|SP|-22.147|-49.333|BARSSALOS
51|3504404|350440|AVANHANDAVA|SP|-21.461|-49.95|BASSUL
52|3504503|350450|AVARE|SP|-23.099|-48.926|BATISTETTI
53|3504602|350460|BADY BASSITT|SP|-20.918|-49.445|BAUMGRATZ
54|3504701|350470|BALBINOS|SP|-21.9|-49.357|BAUNGARTEN
55|3504800|350480|BALSAMO|SP|-20.735|-49.584|BAVILONI
56|3504909|350490|BANANAL|SP|-22.684|-44.323|BECHTE
57|3505005|350500|BARAO DE ANTONINA|SP|-23.627|-49.561|BEIJE
58|3505104|350510|BARBOSA|SP|-21.267|-49.949|BEKIERMAN
59|3505203|350520|BARIRI|SP|-22.074|-48.74|BELEDELI
60|3505302|350530|BARRA BONITA|SP|-22.495|-48.558|BELLEZZIA
61|3505351|350535|BARRA DO CHAPEU|SP|-24.473|-49.025|BELLOZI
62|3505401|350540|BARRA DO TURVO|SP|-24.756|-48.505|BENDLIN
63|3505500|350550|BARRETOS|SP|-20.557|-48.568|BENIS
64|3505609|350560|BARRINHA|SP|-21.194|-48.164|BERRINGER
65|3505708|350570|BARUERI|SP|-23.511|-46.876|BERTACO
66|3505807|350580|BASTOS|SP|-21.922|-50.734|BERTINATTI
67|3505906|350590|BATATAIS|SP|-20.891|-47.585|BETIOLLO
68|3506003|350600|BAURU|SP|-22.315|-49.061|BEUST
69|3506102|350610|BEBEDOURO|SP|-20.949|-48.479|BEUTER
70|3506201|350620|BENTO DE ABREU|SP|-21.271|-50.812|BEZERR
71|3506300|350630|BERNARDINO DE CAMPOS|SP|-23.013|-49.474|BIANCO
72|3506359|350635|BERTIOGA|SP|-23.854|-46.139|BIRITIBA MIRIM
73|3506409|350640|BILAC|SP|-21.403|-50.471|BIRKHOLZ
74|3506508|350650|BIRIGUI|SP|-21.289|-50.34|BIRMAN
75|3506607|350660|BIRITIBA-MIRIM|SP|-23.573|-46.039|BIRON
76|3506706|350670|BOA ESPERANCA DO SUL|SP|-21.993|-48.391|BIZAO
77|3506805|350680|BOCAINA|SP|-22.136|-48.518|BIZZON
78|3506904|350690|BOFETE|SP|-23.102|-48.258|BOARINI
79|3507001|350700|BOITUVA|SP|-23.283|-47.672|BODART
80|3507100|350710|BOM JESUS DOS PERDOES|SP|-23.135|-46.465|BOLLI
81|3507159|350715|BOM SUCESSO DE ITARARE|SP|-24.318|-49.144|BOMARO
82|3507209|350720|BORA|SP|-22.27|-50.534|BONACIM
83|3507308|350730|BORACEIA|SP|-22.193|-48.779|BONO
84|3507407|350740|BORBOREMA|SP|-21.62|-49.074|BOSCHIGLIA
85|3507456|350745|BOREBI|SP|-22.569|-48.971|BOTCHER
86|3507506|350750|BOTUCATU|SP|-22.886|-48.445|BOTHREL
87|3507605|350760|BRAGANCA PAULISTA|SP|-22.952|-46.542|BRANDINI
88|3507704|350770|BRAUNA|SP|-21.499|-50.316|BREIA
89|3507753|350775|BREJO ALEGRE|SP|-21.166|-50.185|BREITSCHAFT
90|3507803|350780|BRODOWSKI|SP|-20.991|-47.659|BREULING
91|3507902|350790|BROTAS|SP|-22.284|-48.127|BROKAMP
92|3508009|350800|BURI|SP|-23.798|-48.593|BRUNORO
93|3508108|350810|BURITAMA|SP|-21.066|-50.147|BUCALLON
94|3508207|350820|BURITIZAL|SP|-20.191|-47.708|BUCATER
95|3508306|350830|CABRALIA PAULISTA|SP|-22.456|-49.338|BUCHMAN
96|3508405|350840|CABREUVA|SP|-23.308|-47.133|BUFFULIN
97|3508504|350850|CACAPAVA|SP|-23.101|-45.707|BUJEDA
98|3508603|350860|CACHOEIRA PAULISTA|SP|-22.665|-45.009|BUKAHI
99|3508702|350870|CACONDE|SP|-21.529|-46.644|BUN
100|3508801|350880|CAFELANDIA|SP|-21.803|-49.61|BURGADAO
101|3508900|350890|CAIABU|SP|-22.012|-51.236|BUSSAMRA
102|3509007|350900|CAIEIRAS|SP|-23.364|-46.741|BUTTCHEVITS
103|3509106|350910|CAIUA|SP|-21.832|-51.998|BUTTURINI
104|3509205|350920|CAJAMAR|SP|-23.356|-46.877|BUZAIN
105|3509254|350925|CAJATI|SP|-24.736|-48.123|BUZOLIN
106|3509304|350930|CAJOBI|SP|-20.88|-48.809|CAIMAR
107|3509403|350940|CAJURU|SP|-21.275|-47.304|CALCAGNOTTO
108|3509452|350945|CAMPINA DO MONTE ALEGRE|SP|-23.592|-48.477|CALDERINI
109|3509502|350950|CAMPINAS|SP|-22.906|-47.061|CALEFFI
110|3509601|350960|CAMPO LIMPO PAULISTA|SP|-23.206|-46.784|CALMANOVICI
111|3509700|350970|CAMPOS DO JORDAO|SP|-22.739|-45.591|CAMILATO
112|3509809|350980|CAMPOS NOVOS PAULISTA|SP|-22.603|-50.003|CAMPALDI
113|3509908|350990|CANANEIA|SP|-25.015|-47.927|CAMPEAN
114|3509957|350995|CANAS|SP|-22.704|-45.055|CAMPOZANA
115|3510005|351000|CANDIDO MOTA|SP|-22.746|-50.387|CANATTO
116|3510104|351010|CANDIDO RODRIGUES|SP|-21.325|-48.631|CANCADO
117|3510153|351015|CANITAR|SP|-23.006|-49.783|CANETT
118|3510203|351020|CAPAO BONITO|SP|-24.006|-48.349|CANEVESE
119|3510302|351030|CAPELA DO ALTO|SP|-23.471|-47.735|CANHASSI
120|3510401|351040|CAPIVARI|SP|-22.995|-47.508|CANONGIA
121|3510500|351050|CARAGUATATUBA|SP|-23.62|-45.413|CAPELLESSO
122|3510609|351060|CARAPICUIBA|SP|-23.523|-46.836|CAPIOTTI
123|3510708|351070|CARDOSO|SP|-20.082|-49.914|CAPPUA
124|3510807|351080|CASA BRANCA|SP|-21.774|-47.086|CARDIA
125|3510906|351090|CASSIA DOS COQUEIROS|SP|-21.283|-47.17|CARDIANO
126|3511003|351100|CASTILHO|SP|-20.872|-51.488|CARPANESE
127|3511102|351110|CATANDUVA|SP|-21.138|-48.973|CARVALHEIRA
128|3511201|351120|CATIGUA|SP|-21.049|-49.058|CASCIANO
129|3511300|351130|CEDRAL|SP|-20.903|-49.268|CASTALDELLI
130|3511409|351140|CERQUEIRA CESAR|SP|-23.036|-49.166|CATANIO
131|3511508|351150|CERQUILHO|SP|-23.165|-47.744|CATUCA
132|3511607|351160|CESARIO LANGE|SP|-23.227|-47.953|CAVICHIOLI
133|3511706|351170|CHARQUEADA|SP|-22.51|-47.778|CAVIGNATO
134|3511904|351190|CLEMENTINA|SP|-21.56|-50.449|CAZAROTTI
135|3512001|351200|COLINA|SP|-20.713|-48.541|CEIGOL
136|3512100|351210|COLOMBIA|SP|-20.176|-48.689|CELDEIRA
137|3512209|351220|CONCHAL|SP|-22.33|-47.173|CELONI
138|3512308|351230|CONCHAS|SP|-23.015|-48.011|CELSO
139|3512407|351240|CORDEIROPOLIS|SP|-22.482|-47.457|CENCIANI
140|3512506|351250|COROADOS|SP|-21.352|-50.281|CENEDESE
141|3512605|351260|CORONEL MACEDO|SP|-23.631|-49.314|CERCATO
142|3512704|351270|CORUMBATAI|SP|-22.22|-47.626|CETOLIN
143|3512803|351280|COSMOPOLIS|SP|-22.646|-47.196|CHAMONGE
144|3512902|351290|COSMORAMA|SP|-20.478|-49.778|CHAVEZ
145|3513009|351300|COTIA|SP|-23.604|-46.919|CHEMP
146|3513108|351310|CRAVINHOS|SP|-21.34|-47.729|CHIAVEGATO
147|3513207|351320|CRISTAIS PAULISTA|SP|-20.397|-47.42|CHIECON
148|3513306|351330|CRUZALIA|SP|-22.677|-50.794|CHIOSEA
149|3513405|351340|CRUZEIRO|SP|-22.576|-44.963|CHIRI
150|3513504|351350|CUBATAO|SP|-23.895|-46.425|CHIZZOTTI
151|3513603|351360|CUNHA|SP|-23.074|-44.96|CHOMSKI
152|3513702|351370|DESCALVADO|SP|-21.904|-47.619|CHOTE
153|3513801|351380|DIADEMA|SP|-23.686|-46.623|CHREEM
154|3513850|351385|DIRCE REIS|SP|-20.466|-50.606|CIANCIARULO
155|3513900|351390|DIVINOLANDIA|SP|-21.661|-46.739|CICALA
156|3514007|351400|DOBRADA|SP|-21.517|-48.394|CINQUE
157|3514106|351410|DOIS CORREGOS|SP|-22.366|-48.38|CIRAVEGNA
158|3514205|351420|DOLCINOPOLIS|SP|-20.123|-50.513|CIROTTO
159|3514304|351430|DOURADO|SP|-22.1|-48.318|CIVOLANI
160|3514403|351440|DRACENA|SP|-21.483|-51.533|CLARETO
161|3514502|351450|DUARTINA|SP|-22.414|-49.404|COMARU
162|3514601|351460|DUMONT|SP|-21.236|-47.973|COMETTE
163|3514700|351470|ECHAPORA|SP|-22.429|-50.201|COMETTI
164|3514809|351480|ELDORADO|SP|-24.52|-48.108|CONCER
165|3514908|351490|ELIAS FAUSTO|SP|-23.043|-47.374|CONTAIFER
166|3514924|351492|ELISIARIO|SP|-21.166|-49.112|CONTRI
167|3514957|351495|EMBAUBA|SP|-20.983|-48.836|COQUI
168|3515004|351500|EMBU DAS ARTES|SP|-23.649|-46.852|CORGA
169|3515103|351510|EMBU-GUACU|SP|-23.832|-46.811|CORTASIO
170|3515129|351512|EMILIANOPOLIS|SP|-21.833|-51.483|COSANDEY
171|3515152|351515|ENGENHEIRO COELHO|SP|-22.488|-47.215|COSLOVSKY
172|3515186|351518|ESPIRITO SANTO DO PINHAL|SP|-22.191|-46.741|COSTIM
173|3515194|351519|ESPIRITO SANTO DO TURVO|SP|-22.692|-49.43|COVOLAN
174|3515202|351520|ESTRELA D'OESTE|SP|-20.288|-50.401|CRESCENTE
175|3515301|351530|ESTRELA DO NORTE|SP|-22.488|-51.66|CROT
176|3515350|351535|EUCLIDES DA CUNHA PAULISTA|SP|-22.561|-52.59|CSASZAR
177|3515400|351540|FARTURA|SP|-23.388|-49.51|CSILLAG
178|3515509|351550|FERNANDOPOLIS|SP|-20.284|-50.246|CUIM
179|3515608|351560|FERNANDO PRESTES|SP|-21.264|-48.685|CUNTO
180|3515657|351565|FERNAO|SP|-22.359|-49.521|CUSSOLIN
181|3515707|351570|FERRAZ DE VASCONCELOS|SP|-23.541|-46.369|DALAGO
182|3515806|351580|FLORA RICA|SP|-21.676|-51.384|DALO
183|3515905|351590|FLOREAL|SP|-20.677|-50.145|DALPONTE
184|3516002|351600|FLORIDA PAULISTA|SP|-21.615|-51.174|DALVI
185|3516101|351610|FLORINIA|SP|-22.903|-50.738|DELALIBERA
186|3516200|351620|FRANCA|SP|-20.539|-47.401|DELAMICO
187|3516309|351630|FRANCISCO MORATO|SP|-23.282|-46.745|DELAQUILA
188|3516408|351640|FRANCO DA ROCHA|SP|-23.322|-46.727|DEPELEGRIN
189|3516507|351650|GABRIEL MONTEIRO|SP|-21.531|-50.555|DESCALZO
190|3516606|351660|GALIA|SP|-22.291|-49.553|DEVECZ
191|3516705|351670|GARCA|SP|-22.211|-49.656|DHOM
192|3516804|351680|GASTAO VIDIGAL|SP|-20.799|-50.187|DICHARI
193|3516853|351685|GAVIAO PEIXOTO|SP|-21.839|-48.495|DOERNTE
194|3516903|351690|GENERAL SALGADO|SP|-20.648|-50.361|DOUTOR
195|3517000|351700|GETULINA|SP|-21.799|-49.929|DUMONCEL
196|3517109|351710|GLICERIO|SP|-21.384|-50.211|DUVA
197|3517208|351720|GUAICARA|SP|-21.622|-49.799|DYNA
198|3517307|351730|GUAIMBE|SP|-21.91|-49.897|EFROMOVICH
199|3517406|351740|GUAIRA|SP|-20.318|-48.311|EJZENBERG
200|3517505|351750|GUAPIACU|SP|-20.795|-49.22|ELESBAO
201|3517604|351760|GUAPIARA|SP|-24.185|-48.533|EMBU GUACU
202|3517703|351770|GUARA|SP|-20.428|-47.824|EMERIM
203|3517802|351780|GUARACAI|SP|-21.028|-51.207|ENTA
204|3517901|351790|GUARACI|SP|-20.499|-48.945|ESTEFANE
205|3518008|351800|GUARANI D'OESTE|SP|-20.075|-50.339|ESTRUTTI
206|3518107|351810|GUARANTA|SP|-21.895|-49.59|EUM
207|3518206|351820|GUARARAPES|SP|-21.261|-50.643|FAE
208|3518305|351830|GUARAREMA|SP|-23.415|-46.035|FAGAN
209|3518404|351840|GUARATINGUETA|SP|-22.816|-45.193|FAJERSZTAJN
210|3518503|351850|GUAREI|SP|-23.373|-48.184|FANTINATI
211|3518602|351860|GUARIBA|SP|-21.36|-48.228|FANZERES
212|3518701|351870|GUARUJA|SP|-23.993|-46.256|FAULSTICH
213|3518800|351880|GUARULHOS|SP|-23.463|-46.533|FECK
214|3518859|351885|GUATAPARA|SP|-21.497|-48.038|FEDRI
215|3518909|351890|GUZOLANDIA|SP|-20.65|-50.662|FELETO
216|3519006|351900|HERCULANDIA|SP|-22.004|-50.385|FELIPPE
217|3519055|351905|HOLAMBRA|SP|-22.633|-47.056|FENERICH
218|3519071|351907|HORTOLANDIA|SP|-22.858|-47.22|FEROLA
219|3519105|351910|IACANGA|SP|-21.89|-49.025|FICEL
220|3519204|351920|IACRI|SP|-21.858|-50.689|FILARETO
221|3519253|351925|IARAS|SP|-22.871|-49.163|FILIAGI
222|3519303|351930|IBATE|SP|-21.955|-47.997|FINI
223|3519402|351940|IBIRA|SP|-21.08|-49.241|FINOCCHIO
224|3519501|351950|IBIRAREMA|SP|-22.818|-50.073|FLEISCHNER
225|3519600|351960|IBITINGA|SP|-21.758|-48.829|FLORINO
226|3519709|351970|IBIUNA|SP|-23.656|-47.223|FOGALLI
227|3519808|351980|ICEM|SP|-20.342|-49.195|FORANCELLI
228|3519907|351990|IEPE|SP|-22.661|-51.076|FRACAO
229|3520004|352000|IGARACU DO TIETE|SP|-22.509|-48.558|FRANCIONI
230|3520103|352010|IGARAPAVA|SP|-20.038|-47.747|FRANSANI
231|3520202|352020|IGARATA|SP|-23.204|-46.156|FROTTA
232|3520301|352030|IGUAPE|SP|-24.708|-47.555|FUJICHIMA
233|3520400|352040|ILHABELA|SP|-23.778|-45.358|GABARRA
234|3520426|352042|ILHA COMPRIDA|SP|-24.741|-47.54|GAENSLY
235|3520442|352044|ILHA SOLTEIRA|SP|-20.433|-51.343|GARABINI
236|3520509|352050|INDAIATUBA|SP|-23.09|-47.218|GARDIOLI
237|3520608|352060|INDIANA|SP|-22.174|-51.252|GARDUSI
238|3520707|352070|INDIAPORA|SP|-19.98|-50.29|GAZETA
239|3520806|352080|INUBIA PAULISTA|SP|-21.77|-50.962|GENOVA
240|3520905|352090|IPAUSSU|SP|-23.057|-49.626|GERVAZIO
241|3521002|352100|IPERO|SP|-23.35|-47.689|GIAMBRONI
242|3521101|352110|IPEUNA|SP|-22.436|-47.719|GIANZI
243|3521150|352115|IPIGUA|SP|-20.657|-49.387|GIBINI
244|3521200|352120|IPORANGA|SP|-24.586|-48.593|GIKOVATE
245|3521309|352130|IPUA|SP|-20.438|-48.012|GILOTTI
246|3521408|352140|IRACEMAPOLIS|SP|-22.581|-47.519|GIOMBELLI
247|3521507|352150|IRAPUA|SP|-21.279|-49.409|GIROLETI
248|3521606|352160|IRAPURU|SP|-21.571|-51.345|GLABA
249|3521705|352170|ITABERA|SP|-23.862|-49.137|GLAUCHE
250|3521804|352180|ITAI|SP|-23.418|-49.091|GNANN
251|3521903|352190|ITAJOBI|SP|-21.318|-49.054|GOLDENFUM
252|3522000|352200|ITAJU|SP|-21.981|-48.805|GONSALVES
253|3522109|352210|ITANHAEM|SP|-24.183|-46.789|GORRERI
254|3522158|352215|ITAOCA|SP|-24.64|-48.843|GRACHIK
255|3522208|352220|ITAPECERICA DA SERRA|SP|-23.717|-46.849|GRAVINA
256|3522307|352230|ITAPETININGA|SP|-23.592|-48.053|GRELLA
257|3522406|352240|ITAPEVA|SP|-23.982|-48.876|GRESCO
258|3522505|352250|ITAPEVI|SP|-23.549|-46.934|GRIFFEL
259|3522604|352260|ITAPIRA|SP|-22.436|-46.822|GRISOLIA
260|3522653|352265|ITAPIRAPUA PAULISTA|SP|-24.574|-49.168|GROBE
261|3522703|352270|ITAPOLIS|SP|-21.596|-48.813|GUAGLINI
262|3522802|352280|ITAPORANGA|SP|-23.708|-49.49|GUARESI
263|3522901|352290|ITAPUI|SP|-22.233|-48.719|GUARIROBA
264|3523008|352300|ITAPURA|SP|-20.646|-51.509|GUIRRA
265|3523107|352310|ITAQUAQUECETUBA|SP|-23.486|-46.348|HACKEL
266|3523206|352320|ITARARE|SP|-24.115|-49.341|HALULI
267|3523305|352330|ITARIRI|SP|-24.289|-47.174|HANDA
268|3523404|352340|ITATIBA|SP|-23.006|-46.839|HATAMOTO
269|3523503|352350|ITATINGA|SP|-23.102|-48.616|HATIDA
270|3523602|352360|ITIRAPINA|SP|-22.253|-47.823|HELFER
271|3523701|352370|ITIRAPUA|SP|-20.641|-47.219|HERMINI
272|3523800|352380|ITOBI|SP|-21.737|-46.975|HESPANNA
273|3523909|352390|ITU|SP|-23.264|-47.299|HIMAUARI
274|3524006|352400|ITUPEVA|SP|-23.153|-47.058|HIROHARA
275|3524105|352410|ITUVERAVA|SP|-20.339|-47.781|HIROMORI
276|3524204|352420|JABORANDI|SP|-20.688|-48.413|HITNER
277|3524303|352430|JABOTICABAL|SP|-21.255|-48.322|HOETTE
278|3524402|352440|JACAREI|SP|-23.305|-45.966|HOLZBACH
279|3524501|352450|JACI|SP|-20.882|-49.57|HOMAIDAN
280|3524600|352460|JACUPIRANGA|SP|-24.693|-48.002|HORONGOZO
281|3524709|352470|JAGUARIUNA|SP|-22.706|-46.986|HORST
282|3524808|352480|JALES|SP|-20.269|-50.546|HUGOLINO
283|3524907|352490|JAMBEIRO|SP|-23.254|-45.688|HYUN
284|3525003|352500|JANDIRA|SP|-23.528|-46.903|IAFELIX
285|3525102|352510|JARDINOPOLIS|SP|-21.018|-47.764|IALONGO
286|3525201|352520|JARINU|SP|-23.101|-46.728|IANKE
287|3525300|352530|JAU|SP|-22.296|-48.558|IANOVSKI
288|3525409|352540|JERIQUARA|SP|-20.311|-47.589|IARDINO
289|3525508|352550|JOANOPOLIS|SP|-22.93|-46.276|INFANTINI
290|3525607|352560|JOAO RAMALHO|SP|-22.25|-50.768|INFANTINO
291|3525706|352570|JOSE BONIFACIO|SP|-21.053|-49.688|ITASIKI
292|3525805|352580|JULIO MESQUITA|SP|-22.009|-49.787|IUPPEN
293|3525854|352585|JUMIRIM|SP|-23.087|-47.784|IWAKAMI
294|3525904|352590|JUNDIAI|SP|-23.186|-46.884|IWASSAKI
295|3526001|352600|JUNQUEIROPOLIS|SP|-21.515|-51.434|IZAGUIRRE
296|3526100|352610|JUQUIA|SP|-24.321|-47.635|JACHETTA
297|3526209|352620|JUQUITIBA|SP|-23.932|-47.068|JACOVAS
298|3526308|352630|LAGOINHA|SP|-23.091|-45.19|JAMUR
299|3526407|352640|LARANJAL PAULISTA|SP|-23.05|-47.837|JARENTCHUK
300|3526506|352650|LAVINIA|SP|-21.168|-51.04|JENICHEN
301|3526605|352660|LAVRINHAS|SP|-22.571|-44.902|JESSOURUN
302|3526704|352670|LEME|SP|-22.186|-47.39|JESUE
303|3526803|352680|LENCOIS PAULISTA|SP|-22.599|-48.8|JESUINO
304|3526902|352690|LIMEIRA|SP|-22.565|-47.402|JOLANDEK
305|3527009|352700|LINDOIA|SP|-22.523|-46.65|JONATAS
306|3527108|352710|LINS|SP|-21.679|-49.743|JUVANHOL
307|3527207|352720|LORENA|SP|-22.731|-45.125|KANDELMAN
308|3527256|352725|LOURDES|SP|-20.967|-50.224|KASTROPIL
309|3527306|352730|LOUVEIRA|SP|-23.086|-46.951|KEBUDI
310|3527405|352740|LUCELIA|SP|-21.72|-51.019|KEFFER
311|3527504|352750|LUCIANOPOLIS|SP|-22.431|-49.523|KIENOLT
312|3527603|352760|LUIS ANTONIO|SP|-21.555|-47.704|KINDZIERSKI
313|3527702|352770|LUIZIANIA|SP|-21.676|-50.327|KIRSTEN
314|3527801|352780|LUPERCIO|SP|-22.415|-49.817|KITNER
315|3527900|352790|LUTECIA|SP|-22.34|-50.392|KLOSER
316|3528007|352800|MACATUBA|SP|-22.502|-48.711|KNAB
317|3528106|352810|MACAUBAL|SP|-20.806|-49.964|KNOLL
318|3528205|352820|MACEDONIA|SP|-20.146|-50.194|KNOPKI
319|3528304|352830|MAGDA|SP|-20.644|-50.226|KOFFES
320|3528403|352840|MAIRINQUE|SP|-23.546|-47.183|KOLESNE
321|3528502|352850|MAIRIPORA|SP|-23.319|-46.587|KOOP
322|3528601|352860|MANDURI|SP|-23.003|-49.322|KOPIK
323|3528700|352870|MARABA PAULISTA|SP|-22.108|-51.963|KOPILER
324|3528809|352880|MARACAI|SP|-22.611|-50.667|KOTTLER
325|3528858|352885|MARAPOAMA|SP|-21.259|-49.129|KOVALIK
326|3528908|352890|MARIAPOLIS|SP|-21.799|-51.181|KRASZCZUK
327|3529005|352900|MARILIA|SP|-22.214|-49.946|KREFTA
328|3529104|352910|MARINOPOLIS|SP|-20.441|-50.823|KREPSKI
329|3529203|352920|MARTINOPOLIS|SP|-22.146|-51.171|KUBIK
330|3529302|352930|MATAO|SP|-21.603|-48.366|KUCHLER
331|3529401|352940|MAUA|SP|-23.668|-46.461|KUMODE
332|3529500|352950|MENDONCA|SP|-21.167|-49.581|KUPAS
333|3529609|352960|MERIDIANO|SP|-20.359|-50.173|LACUESTA
334|3529658|352965|MESOPOLIS|SP|-19.966|-50.638|LAMBERTINI
335|3529708|352970|MIGUELOPOLIS|SP|-20.179|-48.032|LAMBIASE
336|3529807|352980|MINEIROS DO TIETE|SP|-22.409|-48.451|LAMBRANHO
337|3529906|352990|MIRACATU|SP|-24.281|-47.46|LAMBRECHT
338|3530003|353000|MIRA ESTRELA|SP|-19.979|-50.137|LANGENDORF
339|3530102|353010|MIRANDOPOLIS|SP|-21.134|-51.102|LANIADO
340|3530201|353020|MIRANTE DO PARANAPANEMA|SP|-22.292|-51.906|LAPAS
341|3530300|353030|MIRASSOL|SP|-20.819|-49.521|LASCHEWITZ
342|3530409|353040|MIRASSOLANDIA|SP|-20.617|-49.464|LAUSE
343|3530508|353050|MOCOCA|SP|-21.468|-47.005|LAVAQUIAL
344|3530607|353060|MOGI DAS CRUZES|SP|-23.523|-46.188|LAVARIAS
345|3530706|353070|MOGI GUACU|SP|-22.372|-46.942|LAZARINE
346|3530805|353080|MOJI MIRIM|SP|-22.432|-46.958|LEDEBUHR
347|3530904|353090|MOMBUCA|SP|-22.929|-47.566|LEFFA
348|3531001|353100|MONCOES|SP|-20.85|-50.092|LEUTPRECHT
349|3531100|353110|MONGAGUA|SP|-24.087|-46.629|LEVANTEZE
350|3531209|353120|MONTE ALEGRE DO SUL|SP|-22.682|-46.681|LIENSTADT
351|3531308|353130|MONTE ALTO|SP|-21.261|-48.496|LIMBERGER
352|3531407|353140|MONTE APRAZIVEL|SP|-20.773|-49.714|LISCHKA
353|3531506|353150|MONTE AZUL PAULISTA|SP|-20.907|-48.641|LOGE
354|3531605|353160|MONTE CASTELO|SP|-21.299|-51.569|LOTTO
355|3531704|353170|MONTEIRO LOBATO|SP|-22.957|-45.84|LOZER
356|3531803|353180|MONTE MOR|SP|-22.947|-47.316|LUBAWSKI
357|3531902|353190|MORRO AGUDO|SP|-20.731|-48.058|LUCINARO
358|3532009|353200|MORUNGABA|SP|-22.88|-46.792|LUKIN
359|3532058|353205|MOTUCA|SP|-21.508|-48.151|LUND
360|3532108|353210|MURUTINGA DO SUL|SP|-20.993|-51.278|MADALHANO
361|3532157|353215|NANTES|SP|-22.621|-51.237|MADOGLIO
362|3532207|353220|NARANDIBA|SP|-22.407|-51.524|MAFIA
363|3532306|353230|NATIVIDADE DA SERRA|SP|-23.376|-45.442|MALFA
364|3532405|353240|NAZARE PAULISTA|SP|-23.181|-46.395|MALHADA
365|3532504|353250|NEVES PAULISTA|SP|-20.846|-49.63|MALIANI
366|3532603|353260|NHANDEARA|SP|-20.694|-50.038|MANCEN
367|3532702|353270|NIPOA|SP|-20.913|-49.778|MANCIO
368|3532801|353280|NOVA ALIANCA|SP|-21.016|-49.496|MANEIRO
369|3532827|353282|NOVA CAMPINA|SP|-24.121|-48.904|MANGIARINI
370|3532843|353284|NOVA CANAA PAULISTA|SP|-20.386|-50.949|MANHANE
371|3532868|353286|NOVA CASTILHO|SP|-20.763|-50.343|MANSUETO
372|3532900|353290|NOVA EUROPA|SP|-21.778|-48.561|MARCHEWSKI
373|3533007|353300|NOVA GRANADA|SP|-20.534|-49.314|MARCOS
374|3533106|353310|NOVA GUATAPORANGA|SP|-21.334|-51.644|MARIM
375|3533205|353320|NOVA INDEPENDENCIA|SP|-21.104|-51.49|MARONEZZI
376|3533254|353325|NOVAIS|SP|-20.992|-48.919|MARRIEL
377|3533304|353330|NOVA LUZITANIA|SP|-20.856|-50.262|MARTEL
378|3533403|353340|NOVA ODESSA|SP|-22.778|-47.296|MARVAO
379|3533502|353350|NOVO HORIZONTE|SP|-21.468|-49.221|MASSOCATO
380|3533601|353360|NUPORANGA|SP|-20.73|-47.749|MATSUKA
381|3533700|353370|OCAUCU|SP|-22.439|-49.923|MATTIAZZI
382|3533809|353380|OLEO|SP|-22.941|-49.342|MAUL
383|3533908|353390|OLIMPIA|SP|-20.737|-48.915|MAYAN
384|3534005|353400|ONDA VERDE|SP|-20.614|-49.299|MAZZAFERA
385|3534104|353410|ORIENTE|SP|-22.153|-50.091|MENCOCINI
386|3534203|353420|ORINDIUVA|SP|-20.182|-49.351|MENEGUITE
387|3534302|353430|ORLANDIA|SP|-20.72|-47.887|MENERES
388|3534401|353440|OSASCO|SP|-23.533|-46.792|METZ
389|3534500|353450|OSCAR BRESSANE|SP|-22.318|-50.281|MEUSER
390|3534609|353460|OSVALDO CRUZ|SP|-21.797|-50.89|MEYERING
391|3534708|353470|OURINHOS|SP|-22.979|-49.871|MEZIAT
392|3534757|353475|OUROESTE|SP|-20.001|-50.372|MIALSKI
393|3534807|353480|OURO VERDE|SP|-21.489|-51.7|MICK
394|3534906|353490|PACAEMBU|SP|-21.562|-51.261|MILLNITZ
395|3535002|353500|PALESTINA|SP|-20.39|-49.433|MINARELLI
396|3535101|353510|PALMARES PAULISTA|SP|-21.083|-48.801|MINFU
397|3535200|353520|PALMEIRA D'OESTE|SP|-20.416|-50.762|MINGUCCI
398|3535309|353530|PALMITAL|SP|-22.789|-50.218|MIRANDELA
399|3535408|353540|PANORAMA|SP|-21.356|-51.86|MISQUEY
400|3535507|353550|PARAGUACU PAULISTA|SP|-22.413|-50.576|MONARCHA
401|3535606|353560|PARAIBUNA|SP|-23.386|-45.662|MONTEZE
402|3535705|353570|PARAISO|SP|-21.016|-48.774|MONTIEL
403|3535804|353580|PARANAPANEMA|SP|-23.389|-48.723|MONTSERRAT
404|3535903|353590|PARANAPUA|SP|-20.103|-50.586|MOO
405|3536000|353600|PARAPUA|SP|-21.783|-50.793|MORANDIM
406|3536109|353610|PARDINHO|SP|-23.081|-48.374|MORENI
407|3536208|353620|PARIQUERA-ACU|SP|-24.715|-47.881|MORIBE
408|3536257|353625|PARISI|SP|-20.304|-50.015|MOTOKI
409|3536307|353630|PATROCINIO PAULISTA|SP|-20.639|-47.282|MUNARIN
410|3536406|353640|PAULICEIA|SP|-21.318|-51.831|MUNOZ
411|3536505|353650|PAULINIA|SP|-22.761|-47.154|MURASSAKI
412|3536570|353657|PAULISTANIA|SP|-22.578|-49.403|NADELICCI
413|3536604|353660|PAULO DE FARIA|SP|-20.031|-49.383|NAGOT
414|3536703|353670|PEDERNEIRAS|SP|-22.352|-48.775|NAHON
415|3536802|353680|PEDRA BELA|SP|-22.793|-46.443|NAKAI
416|3536901|353690|PEDRANOPOLIS|SP|-20.248|-50.11|NAKIRI
417|3537008|353700|PEDREGULHO|SP|-20.257|-47.477|NAUFAL
418|3537107|353710|PEDREIRA|SP|-22.742|-46.901|NEDEHER
419|3537156|353715|PEDRINHAS PAULISTA|SP|-22.815|-50.794|NEJELSKI
420|3537206|353720|PEDRO DE TOLEDO|SP|-24.275|-47.233|NEOTTI
421|3537305|353730|PENAPOLIS|SP|-21.42|-50.078|NEROS
422|3537404|353740|PEREIRA BARRETO|SP|-20.638|-51.109|NESPOLE
423|3537503|353750|PEREIRAS|SP|-23.076|-47.976|NEUBERT
424|3537602|353760|PERUIBE|SP|-24.32|-46.998|NHONCANSE
425|3537701|353770|PIACATU|SP|-21.592|-50.599|NICOLAU
426|3537800|353780|PIEDADE|SP|-23.712|-47.428|NIELAND
427|3537909|353790|PILAR DO SUL|SP|-23.813|-47.716|NIEMEYER
428|3538006|353800|PINDAMONHANGABA|SP|-22.924|-45.462|NIENDICKER
429|3538105|353810|PINDORAMA|SP|-21.186|-48.907|NIKOLAIDES
430|3538204|353820|PINHALZINHO|SP|-22.779|-46.591|NIRAZAWA
431|3538303|353830|PIQUEROBI|SP|-21.868|-51.729|NOCCHI
432|3538501|353850|PIQUETE|SP|-22.614|-45.176|NOCERINO
433|3538600|353860|PIRACAIA|SP|-23.054|-46.358|NOGAROL
434|3538709|353870|PIRACICABA|SP|-22.725|-47.649|NOSSAL
435|3538808|353880|PIRAJU|SP|-23.194|-49.384|OGUIDO
436|3538907|353890|PIRAJUI|SP|-21.999|-49.457|OKANOBO
437|3539004|353900|PIRANGI|SP|-21.091|-48.658|OLLERMANN
438|3539103|353910|PIRAPORA DO BOM JESUS|SP|-23.397|-47.002|ONOLES
439|3539202|353920|PIRAPOZINHO|SP|-22.275|-51.5|ORIONE
440|3539301|353930|PIRASSUNUNGA|SP|-21.996|-47.426|ORTICELLI
441|3539400|353940|PIRATININGA|SP|-22.413|-49.135|OSELLAME
442|3539509|353950|PITANGUEIRAS|SP|-21.009|-48.222|OSTROSKY
443|3539608|353960|PLANALTO|SP|-21.034|-49.929|OUAKNINE
444|3539707|353970|PLATINA|SP|-22.638|-50.204|OUESSE
445|3539806|353980|POA|SP|-23.528|-46.345|OUTUKY
446|3539905|353990|POLONI|SP|-20.785|-49.824|PACIELLO
447|3540002|354000|POMPEIA|SP|-22.109|-50.172|PADEIRO
448|3540101|354010|PONGAI|SP|-21.736|-49.367|PAGLIARUSSI
449|3540200|354020|PONTAL|SP|-21.023|-48.037|PALARETI
450|3540259|354025|PONTALINDA|SP|-20.441|-50.523|PAMPHILO
451|3540309|354030|PONTES GESTAL|SP|-20.167|-49.703|PANIS
452|3540408|354040|POPULINA|SP|-19.954|-50.538|PARAENSE
453|3540507|354050|PORANGABA|SP|-23.176|-48.125|PARIQUERA ACU
454|3540606|354060|PORTO FELIZ|SP|-23.215|-47.524|PARRELLA
455|3540705|354070|PORTO FERREIRA|SP|-21.854|-47.479|PASCOSKI
456|3540754|354075|POTIM|SP|-22.843|-45.251|PASCUAL
457|3540804|354080|POTIRENDABA|SP|-21.043|-49.377|PASSARELLO
458|3540853|354085|PRACINHA|SP|-21.851|-51.087|PATELLI
459|3540903|354090|PRADOPOLIS|SP|-21.359|-48.066|PATO
460|3541000|354100|PRAIA GRANDE|SP|-24.006|-46.403|PATRUCCO
461|3541059|354105|PRATANIA|SP|-22.808|-48.666|PAULIQUE
462|3541109|354110|PRESIDENTE ALVES|SP|-22.1|-49.438|PAVON
463|3541208|354120|PRESIDENTE BERNARDES|SP|-22.006|-51.553|PAZZI
464|3541307|354130|PRESIDENTE EPITACIO|SP|-21.763|-52.116|PAZZOTTI
465|3541406|354140|PRESIDENTE PRUDENTE|SP|-22.126|-51.389|PEDRO
466|3541505|354150|PRESIDENTE VENCESLAU|SP|-21.876|-51.844|PEGORIN
467|3541604|354160|PROMISSAO|SP|-21.537|-49.858|PENCO
468|3541653|354165|QUADRA|SP|-23.299|-48.055|PENIZA
469|3541703|354170|QUATA|SP|-22.248|-50.698|PERALVA
470|3541802|354180|QUEIROZ|SP|-21.799|-50.24|PERSIGO
471|3541901|354190|QUELUZ|SP|-22.537|-44.774|PICHININI
472|3542008|354200|QUINTANA|SP|-22.073|-50.308|PIZZOLO
473|3542107|354210|RAFARD|SP|-23.012|-47.527|PODEWILS
474|3542206|354220|RANCHARIA|SP|-22.229|-50.893|POKRIWIECKI
475|3542305|354230|REDENCAO DA SERRA|SP|-23.267|-45.537|POMERANCBLUM
476|3542404|354240|REGENTE FEIJO|SP|-22.221|-51.303|PORRETI
477|3542503|354250|REGINOPOLIS|SP|-21.888|-49.225|PORSCH
478|3542602|354260|REGISTRO|SP|-24.488|-47.844|POSE
479|3542701|354270|RESTINGA|SP|-20.603|-47.483|POTYE
480|3542800|354280|RIBEIRA|SP|-24.657|-49.009|POURBAIX
481|3542909|354290|RIBEIRAO BONITO|SP|-22.067|-48.176|POVINHA
482|3543006|354300|RIBEIRAO BRANCO|SP|-24.221|-48.766|PRAWUCKI
483|3543105|354310|RIBEIRAO CORRENTE|SP|-20.457|-47.59|PRESCINOTTI
484|3543204|354320|RIBEIRAO DO SUL|SP|-22.784|-49.934|PRETTO
485|3543238|354323|RIBEIRAO DOS INDIOS|SP|-21.837|-51.604|PRIOSTE
486|3543253|354325|RIBEIRAO GRANDE|SP|-24.099|-48.365|PROITE
487|3543303|354330|RIBEIRAO PIRES|SP|-23.711|-46.413|PURGAS
488|3543402|354340|RIBEIRAO PRETO|SP|-21.178|-47.81|RAHALL
489|3543501|354350|RIVERSUL|SP|-23.828|-49.429|RAMALHEIRA
490|3543600|354360|RIFAINA|SP|-20.081|-47.421|RANGHETTI
491|3543709|354370|RINCAO|SP|-21.587|-48.071|RANZANI
492|3543808|354380|RINOPOLIS|SP|-21.726|-50.722|REAMI
493|3543907|354390|RIO CLARO|SP|-22.411|-47.561|REGANATI
494|3544004|354400|RIO DAS PEDRAS|SP|-22.843|-47.606|REINICKE
495|3544103|354410|RIO GRANDE DA SERRA|SP|-23.744|-46.398|REISNER
496|3544202|354420|RIOLANDIA|SP|-19.99|-49.681|RENGIFO
497|3544251|354425|ROSANA|SP|-22.58|-53.059|RESKY
498|3544301|354430|ROSEIRA|SP|-22.898|-45.305|REUS
499|3544400|354440|RUBIACEA|SP|-21.301|-50.727|RICK
500|3544509|354450|RUBINEIA|SP|-20.179|-51.002|RICOMINI
501|3544608|354460|SABINO|SP|-21.46|-49.578|RIEWE
502|3544707|354470|SAGRES|SP|-21.884|-50.956|RIGGO
503|3544806|354480|SALES|SP|-21.341|-49.485|RIM
504|3544905|354490|SALES OLIVEIRA|SP|-20.772|-47.838|ROCCHINI
505|3545001|354500|SALESOPOLIS|SP|-23.532|-45.846|RODERO
506|3545100|354510|SALMOURAO|SP|-21.624|-50.861|RORATO
507|3545159|354515|SALTINHO|SP|-22.847|-47.677|ROZANI
508|3545209|354520|SALTO|SP|-23.201|-47.287|ROZARIO
509|3545308|354530|SALTO DE PIRAPORA|SP|-23.649|-47.573|RUELLA
510|3545407|354540|SALTO GRANDE|SP|-22.893|-49.986|RUGNO
511|3545506|354550|SANDOVALINA|SP|-22.456|-51.763|RULLI
512|3545605|354560|SANTA ADELIA|SP|-21.243|-48.804|SACADURA
513|3545704|354570|SANTA ALBERTINA|SP|-20.032|-50.728|SACCOL
514|3545803|354580|SANTA BARBARA D'OESTE|SP|-22.754|-47.414|SAGRADO
515|3546009|354600|SANTA BRANCA|SP|-23.397|-45.884|SALDANHA
516|3546108|354610|SANTA CLARA D'OESTE|SP|-20.089|-50.954|SALIN
517|3546207|354620|SANTA CRUZ DA CONCEICAO|SP|-22.14|-47.452|SALMAZZO
518|3546256|354625|SANTA CRUZ DA ESPERANCA|SP|-21.291|-47.43|SALUN
519|3546306|354630|SANTA CRUZ DAS PALMEIRAS|SP|-21.827|-47.249|SALUSTIANO
520|3546405|354640|SANTA CRUZ DO RIO PARDO|SP|-22.899|-49.633|SAMPEL
521|3546504|354650|SANTA ERNESTINA|SP|-21.463|-48.391|SANCTI
522|3546603|354660|SANTA FE DO SUL|SP|-20.211|-50.926|SANTICCHIO
523|3546702|354670|SANTA GERTRUDES|SP|-22.457|-47.53|SANVITTO
524|3546801|354680|SANTA ISABEL|SP|-23.316|-46.221|SAORINI
525|3546900|354690|SANTA LUCIA|SP|-21.685|-48.084|SAROLLI
526|3547007|354700|SANTA MARIA DA SERRA|SP|-22.567|-48.161|SBROGLIO
527|3547106|354710|SANTA MERCEDES|SP|-21.351|-51.755|SCAPIN
528|3547205|354720|SANTANA DA PONTE PENSA|SP|-20.253|-50.797|SCARDINI
529|3547304|354730|SANTANA DE PARNAIBA|SP|-23.444|-46.918|SCHENKMAN
530|3547403|354740|SANTA RITA D'OESTE|SP|-20.143|-50.833|SCHIAVETTI
531|3547502|354750|SANTA RITA DO PASSA QUATRO|SP|-21.71|-47.478|SCHILA
532|3547601|354760|SANTA ROSA DE VITERBO|SP|-21.473|-47.363|SCHLUTER
533|3547650|354765|SANTA SALETE|SP|-20.245|-50.688|SCHMIDT
534|3547700|354770|SANTO ANASTACIO|SP|-21.977|-51.652|SCHOLTZ
535|3547809|354780|SANTO ANDRE|SP|-23.664|-46.538|SCHRIEFER
536|3547908|354790|SANTO ANTONIO DA ALEGRIA|SP|-21.087|-47.151|SCLAVI
537|3548005|354800|SANTO ANTONIO DE POSSE|SP|-22.606|-46.919|SELPIS
538|3548054|354805|SANTO ANTONIO DO ARACANGUA|SP|-20.937|-50.496|SELVANTE
539|3548104|354810|SANTO ANTONIO DO JARDIM|SP|-22.116|-46.68|SEMKIW
540|3548203|354820|SANTO ANTONIO DO PINHAL|SP|-22.827|-45.663|SENSATO
541|3548302|354830|SANTO EXPEDITO|SP|-21.851|-51.392|SHEHADEH
542|3548401|354840|SANTOPOLIS DO AGUAPEI|SP|-21.638|-50.5|SHEN
543|3548500|354850|SANTOS|SP|-23.961|-46.334|SHIHONMATSU
544|3548609|354860|SAO BENTO DO SAPUCAI|SP|-22.689|-45.731|SHIKOTA
545|3548708|354870|SAO BERNARDO DO CAMPO|SP|-23.694|-46.565|SIMONATI
546|3548807|354880|SAO CAETANO DO SUL|SP|-23.623|-46.551|SINNHOFER
547|3548906|354890|SAO CARLOS|SP|-22.018|-47.891|SIRIGUTI
548|3549003|354900|SAO FRANCISCO|SP|-20.359|-50.697|SITA
549|3549102|354910|SAO JOAO DA BOA VISTA|SP|-21.969|-46.798|SLABEY
550|3549201|354920|SAO JOAO DAS DUAS PONTES|SP|-20.389|-50.378|SNOW
551|3549250|354925|SAO JOAO DE IRACEMA|SP|-20.513|-50.352|SOCOSTNIC
552|3549300|354930|SAO JOAO DO PAU D'ALHO|SP|-21.268|-51.666|SOFTOV
553|3549409|354940|SAO JOAQUIM DA BARRA|SP|-20.581|-47.855|SOLIZ
554|3549508|354950|SAO JOSE DA BELA VISTA|SP|-20.593|-47.64|SORANSO
555|3549607|354960|SAO JOSE DO BARREIRO|SP|-22.645|-44.578|SORES
556|3549706|354970|SAO JOSE DO RIO PARDO|SP|-21.596|-46.889|SOROCABA
557|3549805|354980|SAO JOSE DO RIO PRETO|SP|-20.82|-49.379|SPAGOLLA
558|3549904|354990|SAO JOSE DOS CAMPOS|SP|-23.179|-45.887|SPANOS
559|3549953|354995|SAO LOURENCO DA SERRA|SP|-23.853|-46.943|SPERANDEI
560|3550001|355000|SAO LUIS DO PARAITINGA|SP|-23.222|-45.31|SPIDO
561|3550100|355010|SAO MANUEL|SP|-22.731|-48.571|SPUNBERG
562|3550209|355020|SAO MIGUEL ARCANJO|SP|-23.878|-47.997|STALIANO
563|3550308|355030|SAO PAULO|SP|-23.548|-46.636|STANISZEWSKI
564|3550407|355040|SAO PEDRO|SP|-22.549|-47.914|STANSKI
565|3550506|355050|SAO PEDRO DO TURVO|SP|-22.747|-49.74|STARICK
566|3550605|355060|SAO ROQUE|SP|-23.529|-47.135|STASOLLA
567|3550704|355070|SAO SEBASTIAO|SP|-23.76|-45.41|STAZIAK
568|3550803|355080|SAO SEBASTIAO DA GRAMA|SP|-21.711|-46.821|STORINO
569|3550902|355090|SAO SIMAO|SP|-21.479|-47.551|STOTERAU
570|3551009|355100|SAO VICENTE|SP|-23.963|-46.392|STRICAGNOLO
571|3551108|355110|SARAPUI|SP|-23.641|-47.825|STRIETHORST
572|3551207|355120|SARUTAIA|SP|-23.273|-49.48|SUARTE
573|3551306|355130|SEBASTIANOPOLIS DO SUL|SP|-20.655|-49.921|SUCHOBKOW
574|3551405|355140|SERRA AZUL|SP|-21.311|-47.566|SZAJUBOK
575|3551504|355150|SERRANA|SP|-21.211|-47.596|TABOSA
576|3551603|355160|SERRA NEGRA|SP|-22.612|-46.701|TAKAHASHI
577|3551702|355170|SERTAOZINHO|SP|-21.138|-47.99|TAKAMORI
578|3551801|355180|SETE BARRAS|SP|-24.388|-47.926|TANIGAKI
579|3551900|355190|SEVERINIA|SP|-20.809|-48.803|TARABORRELLI
580|3552007|355200|SILVEIRAS|SP|-22.664|-44.853|TARZIA
581|3552106|355210|SOCORRO|SP|-22.591|-46.529|TAUFE
582|3552205|355220|SOROCABA|SP|-23.502|-47.458|TEBON
583|3552304|355230|SUD MENNUCCI|SP|-20.691|-50.924|TELH
584|3552403|355240|SUMARE|SP|-22.822|-47.267|TERCIANO
585|3552502|355250|SUZANO|SP|-23.543|-46.311|TESSARINE
586|3552551|355255|SUZANAPOLIS|SP|-20.501|-51.025|TESSITORI
587|3552601|355260|TABAPUA|SP|-20.964|-49.032|TIBOLLA
588|3552700|355270|TABATINGA|SP|-21.717|-48.688|TIEMANN
589|3552809|355280|TABOAO DA SERRA|SP|-23.602|-46.753|TILLWITZ
590|3552908|355290|TACIBA|SP|-22.39|-51.285|TOME
591|3553005|355300|TAGUAI|SP|-23.452|-49.409|TOMELERO
592|3553104|355310|TAIACU|SP|-21.144|-48.513|TOMPOROWSKI
593|3553203|355320|TAIUVA|SP|-21.124|-48.452|TONANI
594|3553302|355330|TAMBAU|SP|-21.705|-47.274|TONIM
595|3553401|355340|TANABI|SP|-20.626|-49.649|TOPFER
596|3553500|355350|TAPIRAI|SP|-23.964|-47.507|TORREZ
597|3553609|355360|TAPIRATIBA|SP|-21.468|-46.749|TOSATTO
598|3553658|355365|TAQUARAL|SP|-21.072|-48.41|TRIPARI
599|3553708|355370|TAQUARITINGA|SP|-21.406|-48.505|TROLES
600|3553807|355380|TAQUARITUBA|SP|-23.533|-49.244|TSUEY
601|3553856|355385|TAQUARIVAI|SP|-23.924|-48.693|TSUKUDA
602|3553906|355390|TARABAI|SP|-22.303|-51.559|TUMARKIN
603|3553955|355395|TARUMA|SP|-22.747|-50.577|TUSUTIYA
604|3554003|355400|TATUI|SP|-23.356|-47.857|UJIHARA
605|3554102|355410|TAUBATE|SP|-23.026|-45.555|VALLIS
606|3554201|355420|TEJUPA|SP|-23.343|-49.376|VAQUES
607|3554300|355430|TEODORO SAMPAIO|SP|-22.533|-52.168|VASKE
608|3554409|355440|TERRA ROXA|SP|-20.789|-48.33|VEJAM
609|3554508|355450|TIETE|SP|-23.102|-47.715|VERBITISKIS
610|3554607|355460|TIMBURI|SP|-23.205|-49.607|VIECILI
611|3554656|355465|TORRE DE PEDRA|SP|-23.244|-48.195|VIGANICO
612|3554706|355470|TORRINHA|SP|-22.426|-48.169|VIGUETTE
613|3554755|355475|TRABIJU|SP|-22.042|-48.336|VIJARVA
614|3554805|355480|TREMEMBE|SP|-22.958|-45.549|VILLALVA
615|3554904|355490|TRES FRONTEIRAS|SP|-20.235|-50.89|VILLEROY
616|3554953|355495|TUIUTI|SP|-22.816|-46.694|VIR
617|3555000|355500|TUPA|SP|-21.935|-50.514|VIRGULINO
618|3555109|355510|TUPI PAULISTA|SP|-21.381|-51.571|VISCARDE
619|3555208|355520|TURIUBA|SP|-20.933|-50.108|VITT
620|3555307|355530|TURMALINA|SP|-20.052|-50.476|VIVARES
621|3555356|355535|UBARANA|SP|-21.166|-49.718|VIVIAN
622|3555406|355540|UBATUBA|SP|-23.434|-45.071|VOLLWEITER
623|3555505|355550|UBIRAJARA|SP|-22.527|-49.663|VORSATZ
624|3555604|355560|UCHOA|SP|-20.953|-49.175|WAIHRICH
625|3555703|355570|UNIAO PAULISTA|SP|-20.887|-49.897|WEIL
626|3555802|355580|URANIA|SP|-20.246|-50.643|WERNEK
627|3555901|355590|URU|SP|-21.784|-49.281|WICHMANN
628|3556008|355600|URUPES|SP|-21.202|-49.29|WONG
629|3556107|355610|VALENTIM GENTIL|SP|-20.422|-50.088|WUNSCHE
630|3556206|355620|VALINHOS|SP|-22.971|-46.996|XIUYING
631|3556305|355630|VALPARAISO|SP|-21.228|-50.868|YOSHIKAY
632|3556354|355635|VARGEM|SP|-22.889|-46.414|ZACARIOTTI
633|3556404|355640|VARGEM GRANDE DO SUL|SP|-21.832|-46.894|ZACCAI
634|3556453|355645|VARGEM GRANDE PAULISTA|SP|-23.603|-47.026|ZACCHE
635|3556503|355650|VARZEA PAULISTA|SP|-23.211|-46.828|ZAGISKI
636|3556602|355660|VERA CRUZ|SP|-22.22|-49.819|ZANUNCIO
637|3556701|355670|VINHEDO|SP|-23.03|-46.975|ZEHIL
638|3556800|355680|VIRADOURO|SP|-20.873|-48.297|ZHENGJIAN
639|3556909|355690|VISTA ALEGRE DO ALTO|SP|-21.171|-48.629|ZICHY
640|3556958|355695|VITORIA BRASIL|SP|-20.197|-50.484|ZIEMATH
641|3557006|355700|VOTORANTIM|SP|-23.547|-47.438|ZIMERMMAN
642|3557105|355710|VOTUPORANGA|SP|-20.423|-49.973|ZIYAD
643|3557154|355715|ZACARIAS|SP|-21.052|-50.051|ZOCULO
644|3557204|355720|CHAVANTES|SP|-23.039|-49.709|ZYS
645|3557303|355730|ESTIVA GERBI|SP|-22.271|-46.945|
